[
  {
    "Id": "439411",
    "Title": "Export multiple files ",
    "LatestDate": "2013-04-07T08:01:00.303-07:00"
  },
  {
    "Id": "450791",
    "Title": "Context viewer dosen't work with any PROP item",
    "LatestDate": "2014-05-08T06:03:30.143-07:00"
  },
  {
    "Id": "452285",
    "Title": "Thank you",
    "LatestDate": "2013-08-02T18:08:13.183-07:00"
  },
  {
    "Id": "544646",
    "Title": "Bug in prop viewer",
    "LatestDate": "2014-05-07T18:11:24.243-07:00"
  },
  {
    "Id": "544956",
    "Title": "Translation",
    "LatestDate": "2014-12-10T04:23:22.403-08:00"
  },
  {
    "Id": "548120",
    "Title": "Localized/Non Localized Names",
    "LatestDate": "2014-06-13T04:28:12.003-07:00"
  },
  {
    "Id": "550566",
    "Title": "SimCityPak",
    "LatestDate": "2014-07-03T15:37:51.107-07:00"
  }
]