[
  {
    "Id": "1243960",
    "ThreadId": "544956",
    "Html": "Is there any way I can translate everything from Dutch to English? I can't mod something I want to mod because everything's in a different language :)<br />\n",
    "PostedDate": "2014-05-10T20:45:19.143-07:00",
    "UserRole": null,
    "MarkedAsAnswerDate": null
  },
  {
    "Id": "1244134",
    "ThreadId": "544956",
    "Html": "Removed by author :)<br />\n",
    "PostedDate": "2014-05-11T13:18:41.923-07:00",
    "UserRole": null,
    "MarkedAsAnswerDate": null
  },
  {
    "Id": "1245625",
    "ThreadId": "544956",
    "Html": "<strong>Why everything is in Dutch;</strong>\r<br />\nSome time ago I built in a function into SCP that allows for pulling instance names from the locale files; everything that has either an agent name or unit name will be identified using the in-game name using this option. Since SimCity doesn't allow for changing languages (something I think is rather stupid, but that's beside the point), I only have the Dutch locale file available, so in the SCP default database everything is in Dutch.\r<br />\n<br />\n<strong>How you can change the descriptions into your own language;</strong>\r<br />\nIn the SimCityPak settings page, you can select your locale file. This will make sure that any names will be pulled from there. To also update the names in the database, you can then use the 'Tools -&gt; Load Instance Names' option to populate the database with names loaded from the locale file for the package file that's currently opened.<br />\n",
    "PostedDate": "2014-05-15T00:45:29.183-07:00",
    "UserRole": null,
    "MarkedAsAnswerDate": "2014-05-15T00:45:37.187-07:00"
  },
  {
    "Id": "1246868",
    "ThreadId": "544956",
    "Html": "Instructions don't work.  Tools -&gt; Load Instance Names leads to crash as documented in issue at <a href=\"https://simcitypak.codeplex.com/workitem/1631\" rel=\"nofollow\">https://simcitypak.codeplex.com/workitem/1631</a>\r<br />\n<br />\nI've found a way to overcome the crash, but even so it doesn't do what you suggest that it should, which I've reported at <a href=\"https://simcitypak.codeplex.com/workitem/1632\" rel=\"nofollow\">https://simcitypak.codeplex.com/workitem/1632</a>\r<br />\n<br />\nFor now, here is the link to my translated database_user.s3db file.  <a href=\"https://dl.dropboxusercontent.com/u/78440637/database_user.s3db\" rel=\"nofollow\">https://dl.dropboxusercontent.com/u/78440637/database_user.s3db</a>\r<br />\n<br />\nWe really need to get this locale thing working, and well documented.  Lots of people want to use this tool, and it would be helpful if we can understand it.<br />\n",
    "PostedDate": "2014-05-19T03:30:33.197-07:00",
    "UserRole": null,
    "MarkedAsAnswerDate": null
  },
  {
    "Id": "1247137",
    "ThreadId": "544956",
    "Html": "<strong>oppie wrote:</strong><br />\n<blockquote>\n<strong>Why everything is in Dutch;</strong><br />\nSome time ago I built in a function into SCP that allows for pulling instance names from the locale files; everything that has either an agent name or unit name will be identified using the in-game name using this option. Since SimCity doesn't allow for changing languages (something I think is rather stupid, but that's beside the point), I only have the Dutch locale file available, so in the SCP default database everything is in Dutch.<br />\n<br />\n<strong>How you can change the descriptions into your own language;</strong><br />\nIn the SimCityPak settings page, you can select your locale file. This will make sure that any names will be pulled from there. To also update the names in the database, you can then use the 'Tools -&gt; Load Instance Names' option to populate the database with names loaded from the locale file for the package file that's currently opened.<br />\n</blockquote>\nWhen I did this, it crashed SCP as well for me.<br />\n",
    "PostedDate": "2014-05-19T13:08:05.907-07:00",
    "UserRole": null,
    "MarkedAsAnswerDate": null
  },
  {
    "Id": "1248285",
    "ThreadId": "544956",
    "Html": "Ah, indeed there's still something wrong with the import - I only just now noticed that the code that is supposed to read instance names from the locale file is commented out due to me using the same menu option for a similar function back when guillaume provided me with a text file containing hundreds of property ids.\r<br />\n<br />\nIn any case, this problem will be solved in the next release, which will most likely be this saturday.<br />\n",
    "PostedDate": "2014-05-22T01:10:15.803-07:00",
    "UserRole": null,
    "MarkedAsAnswerDate": null
  },
  {
    "Id": "1248287",
    "ThreadId": "544956",
    "Html": "Thank you for your feedback :)  Looking forward to it.  I'm actually starting to have a lot more fun with SimCity2013 now that I can mod the game :D<br />\n",
    "PostedDate": "2014-05-22T01:21:34.15-07:00",
    "UserRole": null,
    "MarkedAsAnswerDate": null
  },
  {
    "Id": "1330545",
    "ThreadId": "544956",
    "Html": "Has this ever been fixed? Once I hit the load instance names button my HDD starts crunching like crazy but never actually loads anything and I have to kill the program. Cheers!<br />\n",
    "PostedDate": "2014-12-10T04:22:43.293-08:00",
    "UserRole": null,
    "MarkedAsAnswerDate": null
  },
  {
    "Id": "1330546",
    "ThreadId": "544956",
    "Html": "Ok nvm, after 4 tries it suddenly worked. Just wait I guess :)<br />\n",
    "PostedDate": "2014-12-10T04:23:22.403-08:00",
    "UserRole": null,
    "MarkedAsAnswerDate": null
  }
]