[
  {
    "Id": "1254632",
    "ThreadId": "548120",
    "Html": "One of my biggest pet peeves with this build is that the local names of properties have been changed to absurd value names.\r<br />\nFor example, In oppie's modding tutorial, it is shown that the names or properties (i.e., &quot;Preview Image&quot; or &quot;Menu Item Icon&quot;,) are displayed as complex-to-understand names (i.e., &quot;toolMarqueeImage&quot; &quot;ecoGameToolIconKey&quot;).\r<br />\nFor someone who is trying to learn how to mod, this is a real problem, for he/she has to do lots of guess work to find out what properties do what.\r<br />\nTL;DR: Please change the property names to be in understandable non-engineer form.<br />\n",
    "PostedDate": "2014-06-09T21:21:05.583-07:00",
    "UserRole": null,
    "MarkedAsAnswerDate": null
  },
  {
    "Id": "1255959",
    "ThreadId": "548120",
    "Html": "In the Settings menu you can uncheck the 'show internal names for properties' checkbox which should solve that problem for properties that have a better readable name.<br />\n",
    "PostedDate": "2014-06-13T04:28:12.003-07:00",
    "UserRole": null,
    "MarkedAsAnswerDate": null
  }
]