[
  {
    "Id": "1071236",
    "ThreadId": "450791",
    "Html": "First, I thanks to project founder for your Great work! :D<br />\n<br />\n I downloaded the source, build and run it. It works fine.<br />\nBut when I selected any PROP type items in any packages, the context viewer shows about System.Reflection.ReflectionTypeLoadException.<br />\n<br />\nThe exception is come from PropertyFactory's constructor, line 79.<br />\n<br />\nI don't know why, but hope you have any idea to fix it. :/<br />\n<br />\nJust for your reference, I have Korean-localized assets.<br />\n",
    "PostedDate": "2013-07-22T05:13:11.74-07:00",
    "UserRole": null,
    "MarkedAsAnswerDate": null
  },
  {
    "Id": "1195466",
    "ThreadId": "450791",
    "Html": "First of all id like to say its always great to see someone take the effort to create such a work and give us all the goodies of a simgame :)<br />\n<br />\nBut I think I have this same issue. when i follow the basic tutorial, and like this guy above says click any PROP filetype, the context viewer has a red text saying:<br />\n<br />\nUnable to load one or more of the requested types. Retrieve the LoaderExceptions property for more information.<br />\nat System.Reflection.RuntimeModule.GetTypes(RuntimeModule module)<br />\nat System.Reflection.RuntimeModule.GetTypes()<br />\nat System.Reflection.Assembly.GetTypes()<br />\nat Gibbed.Spore.Properties.PropertyFactory..ctor()<br />\nat Gibbed.Spore.Properties.PropertyFactory.get_Singleton()<br />\nat Gibbed.Spore.Properties.PropertyFile..ctor()<br />\nat SimCityPak.ViewPropertyFile.UserControl_DataContextChanged(Object sender, DependancyPropertyChangedEventArgs e)<br />\n<br />\nalso when selecting RW4 filetypes SimCityPack immidiatly stops working ...<br />\n<br />\nWindows 7 x64 SP1<br />\nMS Visual C++ 2005       8.0.61001<br />\nMS Visual C++ 2005 x64 8.0.61000<br />\nMS Visual C++ 2008 x64 9.0.30729.17<br />\nMS Visual C++ 2008 x64 9.0.30729.4148<br />\nMS Visual C++ 2008 x64 9.0.30729.6161<br />\nMS Visual C++ 2008 x86 9.0.30729.17<br />\nMS Visual C++ 2008 x86 9.0.30729.4148<br />\nMS Visual C++ 2008 x86 9.0.30729.6161<br />\nMS Visual C++ 2010 x64 10.0.40219<br />\nMS Visual C++ 2010 x86 10.0.40219<br />\n<br />\nI have the same issues on version 0108 &amp; 0200 of SimCityPack<br />\n<br />\ndont know if this is helpfull or something but here you go ....<br />\n",
    "PostedDate": "2014-01-24T06:36:48.803-08:00",
    "UserRole": null,
    "MarkedAsAnswerDate": null
  },
  {
    "Id": "1201125",
    "ThreadId": "450791",
    "Html": "Hey guys,\r<br />\n<br />\nI've also noticed that a number of actions crashes the software in Version 0200 on Windows 7 Ultimate (tested on two separate machines):<br />\n<ul>\n<li>Importing a DDS file to replace an existing texture</li>\n<li>Exporting a DDS file, then importing that exact same file with no modification</li>\n<li>\nExporting 3ds Max Material Library<br />\n</li>\n</ul>\nThis is a great piece of software, just sharing the issues I have found. Looking forward to the next release!<br />\n",
    "PostedDate": "2014-01-30T14:44:28.29-08:00",
    "UserRole": null,
    "MarkedAsAnswerDate": null
  },
  {
    "Id": "1230240",
    "ThreadId": "450791",
    "Html": "need install xna4.0,WTF!!!<br />\n",
    "PostedDate": "2014-04-04T01:44:42.017-07:00",
    "UserRole": null,
    "MarkedAsAnswerDate": null
  },
  {
    "Id": "1235021",
    "ThreadId": "450791",
    "Html": "No disrespect intended, but I'm glad I'm not the only one with this problem with PROP.\r<br />\n<br />\nThanks for designing the tool by the way<br />\n",
    "PostedDate": "2014-04-17T05:58:49.533-07:00",
    "UserRole": null,
    "MarkedAsAnswerDate": null
  },
  {
    "Id": "1238480",
    "ThreadId": "450791",
    "Html": "For those of you receiving the aforementioned crash, please download and install the Microsoft XNA Framework Redistributable 4.0 which is what is required to be able to read the PROP files.  These files are in XML format, and the application depends on this Framework to be able to read and write to the XML.\r<br />\n<br />\nFramework available at <a href=\"http://www.microsoft.com/en-us/download/details.aspx?id=20914\" rel=\"nofollow\">http://www.microsoft.com/en-us/download/details.aspx?id=20914</a><br />\n",
    "PostedDate": "2014-04-27T01:19:16.44-07:00",
    "UserRole": null,
    "MarkedAsAnswerDate": null
  },
  {
    "Id": "1243034",
    "ThreadId": "450791",
    "Html": "I'm hoping to fix this someday, but this would require a few changes to how the property files are loaded in the first place. For the time being, downloading and installing XNA solves the problem.<br />\n",
    "PostedDate": "2014-05-08T06:03:30.143-07:00",
    "UserRole": null,
    "MarkedAsAnswerDate": null
  }
]