[
  {
    "Id": "1026791",
    "ThreadId": "439411",
    "Html": "Thanks for the SimCityPak! Great job!\r<br />\n<br />\n I'd like to know if its possible to export multiple files in one step. for example exporting all PNGs from a package file (f.e. SimCityData/SimCity_Game.package) - I can export them single, but it takes to much time. If i select multiple files and choose &quot;export&quot; - they are all written into one useless file. \r<br />\nIs it possible and I just did something wrong? \r<br />\n<br />\nI need them for some SimCity Guides and I would like to take the full quality UI Icons for that and I dont want cut them out from a ingame screenshot.  ^^\r<br />\n<br />\nThank you. <br />\n",
    "PostedDate": "2013-04-07T07:55:21.72-07:00",
    "UserRole": null,
    "MarkedAsAnswerDate": null
  },
  {
    "Id": "1026793",
    "ThreadId": "439411",
    "Html": "i got it :) my mistake.. in the new version it works fine with the rightclick -&gt; export function :)<br />\n",
    "PostedDate": "2013-04-07T08:01:00.303-07:00",
    "UserRole": null,
    "MarkedAsAnswerDate": null
  }
]