{
  "WorkItem": {
    "AffectedComponent": {
      "Name": "",
      "DisplayName": ""
    },
    "ClosedComment": "",
    "ClosedDate": null,
    "CommentCount": 0,
    "Custom": null,
    "Description": "At the moment, compressed indices are always saved as decompressed when modified and saved. For the time being, this isn't much of an issue, but at some point, when we're going to be able to edit the larger files, we'll probably want compression to work as well.",
    "LastUpdatedDate": "2013-05-07T11:22:14.393-07:00",
    "PlannedForRelease": "",
    "ReleaseVisibleToPublic": false,
    "Priority": {
      "Name": "Unassigned",
      "Severity": 0,
      "Id": 0
    },
    "ProjectName": "simcitypak",
    "ReportedDate": "2013-03-24T09:31:57.46-07:00",
    "Status": {
      "Name": "Proposed",
      "Id": 1
    },
    "ReasonClosed": {
      "Name": "Unassigned"
    },
    "Summary": "Allow saving compressed files",
    "Type": {
      "Name": "Issue",
      "Id": 3
    },
    "VoteCount": 2,
    "Id": 1154
  },
  "FileAttachments": [],
  "Comments": []
}