{
  "WorkItem": {
    "AffectedComponent": {
      "Name": "",
      "DisplayName": ""
    },
    "ClosedComment": "",
    "ClosedDate": null,
    "CommentCount": 0,
    "Custom": null,
    "Description": "UI is damn good, here i found the Issue in v0.3.1.0\nLoaded file: /SimCityData/SimCity_Game.package\n\n![Image](http://i60.tinypic.com/35m2s8x.png)",
    "LastUpdatedDate": "2014-06-19T23:40:28.873-07:00",
    "PlannedForRelease": "",
    "ReleaseVisibleToPublic": false,
    "Priority": {
      "Name": "Unassigned",
      "Severity": 0,
      "Id": 0
    },
    "ProjectName": "simcitypak",
    "ReportedDate": "2014-06-12T08:12:46.487-07:00",
    "Status": {
      "Name": "Proposed",
      "Id": 1
    },
    "ReasonClosed": {
      "Name": "Unassigned"
    },
    "Summary": "Empty list items",
    "Type": {
      "Name": "Unassigned",
      "Id": 5
    },
    "VoteCount": 1,
    "Id": 1637
  },
  "FileAttachments": [],
  "Comments": [
    {
      "Message": "Not really a bug.  The files you have opened are created by Electronic Arts and some objects have no DisplayName attribute set - which means that they have no name.  No name means a blank field, and since this list is sorted aphabetically, you'll get all the blanks at the top.",
      "PostedDate": "2014-06-19T23:40:28.873-07:00",
      "Id": -2147483648
    }
  ]
}