{
  "WorkItem": {
    "AffectedComponent": {
      "Name": "",
      "DisplayName": ""
    },
    "ClosedComment": "",
    "ClosedDate": null,
    "CommentCount": 0,
    "Custom": null,
    "Description": "Apart from the 'Save as...' function which saves an existing file to a new file, there should also be a 'Save' that simply saves the changes in an existing file. \n\nIn the current version, this is not possible because the tool streams the data for non-modified database indices from the original file, making it locked and unable to also write to.",
    "LastUpdatedDate": "2013-06-14T00:26:51.147-07:00",
    "PlannedForRelease": "",
    "ReleaseVisibleToPublic": false,
    "Priority": {
      "Name": "Unassigned",
      "Severity": 0,
      "Id": 0
    },
    "ProjectName": "simcitypak",
    "ReportedDate": "2013-03-18T02:13:15.207-07:00",
    "Status": {
      "Name": "Resolved",
      "Id": 7
    },
    "ReasonClosed": {
      "Name": "Unassigned"
    },
    "Summary": "Saving to existing package file",
    "Type": {
      "Name": "Issue",
      "Id": 3
    },
    "VoteCount": 1,
    "Id": 1136
  },
  "FileAttachments": [],
  "Comments": [
    {
      "Message": "I think we should aim to model it after The Elder Scrolls Construction Set. That allowed you to load a bunch of esm and esp files (packages in SimCity), then any modifications that where made could be saved to a esp file. You could also set a file as 'Active', meaning it would save all changes to it.",
      "PostedDate": "2013-03-21T11:37:19.84-07:00",
      "Id": -2147483648
    },
    {
      "Message": "The way I've built this feature is that when you want to save a file to the same filename, it first creates a temporary file with the modified information, then deletes the existing file and renames the temporary file to the new location. This way, we can still stream all the non-modified data from the original file without having to load it all into memory.",
      "PostedDate": "2013-03-24T05:53:16.823-07:00",
      "Id": -2147483648
    },
    {
      "Message": "",
      "PostedDate": "2013-03-25T03:16:51.477-07:00",
      "Id": -2147483648
    },
    {
      "Message": "",
      "PostedDate": "2013-05-16T03:59:09.813-07:00",
      "Id": -2147483648
    },
    {
      "Message": "",
      "PostedDate": "2013-05-16T03:59:10.013-07:00",
      "Id": -2147483648
    },
    {
      "Message": "",
      "PostedDate": "2013-06-14T00:26:51.147-07:00",
      "Id": -2147483648
    }
  ]
}