{
  "WorkItem": {
    "AffectedComponent": {
      "Name": "",
      "DisplayName": ""
    },
    "ClosedComment": "",
    "ClosedDate": null,
    "CommentCount": 0,
    "Custom": null,
    "Description": "I propose that we add the following information to the property information in the typeregistry:\n\n__Default property type__ - Now that we have the possibility to add new properties to a property file, we should record the default type so that when someone adds a known property, it's automatically set to the correct type.\n\n__Key Property Type Id__ - Most key properties always point to the same type of file, but a lot of them only have the instance information recorded, while there are multiple indices with the same instance id. If we record the defualt type id for a key property, we can avoid going to the wrong file when clicking a link.",
    "LastUpdatedDate": "2013-05-07T11:21:52.387-07:00",
    "PlannedForRelease": "",
    "ReleaseVisibleToPublic": false,
    "Priority": {
      "Name": "Unassigned",
      "Severity": 0,
      "Id": 0
    },
    "ProjectName": "simcitypak",
    "ReportedDate": "2013-04-05T04:10:08.763-07:00",
    "Status": {
      "Name": "Proposed",
      "Id": 1
    },
    "ReasonClosed": {
      "Name": "Unassigned"
    },
    "Summary": "Expanding the TypeRegistry.xml for properties",
    "Type": {
      "Name": "Feature",
      "Id": 1
    },
    "VoteCount": 3,
    "Id": 1183
  },
  "FileAttachments": [],
  "Comments": []
}