{
  "WorkItem": {
    "AffectedComponent": {
      "Name": "",
      "DisplayName": ""
    },
    "ClosedComment": "",
    "ClosedDate": null,
    "CommentCount": 0,
    "Custom": null,
    "Description": "Since all the properties related to the lighting are known, we can create an advanced editor that allows setting these properties in a more user-friendly way.\n\nEDIT: I'm changing this editor to be a very simple general purpose lot editor, where you can modify the positions of transforms relating to the model.",
    "LastUpdatedDate": "2013-05-07T11:22:00.363-07:00",
    "PlannedForRelease": "",
    "ReleaseVisibleToPublic": false,
    "Priority": {
      "Name": "Unassigned",
      "Severity": 0,
      "Id": 0
    },
    "ProjectName": "simcitypak",
    "ReportedDate": "2013-04-05T00:13:05.627-07:00",
    "Status": {
      "Name": "Proposed",
      "Id": 1
    },
    "ReasonClosed": {
      "Name": "Unassigned"
    },
    "Summary": "Create Lot Editor",
    "Type": {
      "Name": "Feature",
      "Id": 1
    },
    "VoteCount": 3,
    "Id": 1182
  },
  "FileAttachments": [],
  "Comments": []
}