{
  "WorkItem": {
    "AffectedComponent": {
      "Name": "",
      "DisplayName": ""
    },
    "ClosedComment": "",
    "ClosedDate": null,
    "CommentCount": 0,
    "Custom": null,
    "Description": "When I click on the button to reload the instance names (under tools), Windows pops up with a \"SimCityPak has stopped working.\"]\nI'm using Windows 8, 64-bit.",
    "LastUpdatedDate": "2014-05-19T02:59:37.17-07:00",
    "PlannedForRelease": "",
    "ReleaseVisibleToPublic": false,
    "Priority": {
      "Name": "Unassigned",
      "Severity": 0,
      "Id": 0
    },
    "ProjectName": "simcitypak",
    "ReportedDate": "2014-05-17T20:07:12.677-07:00",
    "Status": {
      "Name": "Proposed",
      "Id": 1
    },
    "ReasonClosed": {
      "Name": "Unassigned"
    },
    "Summary": "Crash on \"Load Instance Names\"",
    "Type": {
      "Name": "Unassigned",
      "Id": 5
    },
    "VoteCount": 2,
    "Id": 1631
  },
  "FileAttachments": [],
  "Comments": [
    {
      "Message": "The reason for this crash is because the developer is using a path and file to store temporary data, which is most likely not going to exist on any computer.\r\n\r\n![Image](https://images.seedbox.it/images/2014/05/19/AppCrashInvalidPath5G1rg.png)\r\n\r\nTemporary Fix:\r\n\r\nOption 1: if your E: drive exists and is write-able, create a blank text file named properties.txt in a folder named \"My Documents\" on the root of the drive.\r\n\r\nOption 2: If your E: drive doesn't exist at all (Not optical media either), then subst your C: drive to be E:  (from command prompt run \"subst e: c:\\\")  Then follow steps in option 1.\r\n\r\nOption 3: If your E: drive exists as an optical drive, then you are going to have to remap this drive as something else, in order to free up the drive letter.  Use Diskmgmt.msc to rename the drive letter.  Then to Option 2 and then do Option 1.\r\n\r\nOption 4: Map a drive.  Share a drive from your computer, and then map it as e:, or simply map a network drive to a SAN.  Then, do option 1.\r\n\r\nThe developer(s) are going to have to make it so that this path is not hard coded, and/or configurable.  Suggestion: Use %temp% and make it so that the file is created if does not exist.",
      "PostedDate": "2014-05-19T02:57:31.83-07:00",
      "Id": -2147483648
    },
    {
      "Message": "Oh, for those of you who can't see the screenshot, the full path to the required file is E:\\My Documents\\properties.txt",
      "PostedDate": "2014-05-19T02:59:05.917-07:00",
      "Id": -2147483648
    },
    {
      "Message": "",
      "PostedDate": "2014-05-19T02:59:37.17-07:00",
      "Id": -2147483648
    }
  ]
}