{
  "WorkItem": {
    "AffectedComponent": {
      "Name": "",
      "DisplayName": ""
    },
    "ClosedComment": "",
    "ClosedDate": null,
    "CommentCount": 0,
    "Custom": null,
    "Description": "We should be able to have multiple packages open at once. Currently there's discussion on how to implement this in the UI - feel free to join the discussion.",
    "LastUpdatedDate": "2013-06-14T00:26:50.523-07:00",
    "PlannedForRelease": "",
    "ReleaseVisibleToPublic": false,
    "Priority": {
      "Name": "Unassigned",
      "Severity": 0,
      "Id": 0
    },
    "ProjectName": "simcitypak",
    "ReportedDate": "2013-03-22T03:49:36.563-07:00",
    "Status": {
      "Name": "Resolved",
      "Id": 7
    },
    "ReasonClosed": {
      "Name": "Unassigned"
    },
    "Summary": "Allow opening of multiple packages",
    "Type": {
      "Name": "Issue",
      "Id": 3
    },
    "VoteCount": 1,
    "Id": 1150
  },
  "FileAttachments": [],
  "Comments": [
    {
      "Message": "The current methods to implement it are either to have every loaded package put its files in a single list (as we have now) or to have to a separate tab per package.\r\n\r\nI prefer the single list, as it is similar to how The Elder Scrolls Construction Set works.\nOppie prefers the multiple tabs option,  \"...[as] overrides are going to have the same TGI and I'd want to see exactly what's in a package at a glance\"",
      "PostedDate": "2013-03-22T05:31:24.253-07:00",
      "Id": -2147483648
    },
    {
      "Message": "I prefer the tabs section. Ilives reader had a panel on the left which held the multiple opened files, with built in items for the 5 main dat files. Putting everything in the list would be a bit unwieldy, already ordering the list takes seconds. \nPerhaps have some kind of tabs but allow the user to select multiple files, so if the user wants they can view everything in one list, or just one file at a time. (Window live photo gallery's sidebar lets you select multiple folders and combines the photos into one view)\r\n\r\n\nBut irrespectivly things like Searching should have the option to search all open files. And Key Properties should work between files (with some small icon after the instance id if its not in the current file)",
      "PostedDate": "2013-03-22T06:28:35.093-07:00",
      "Id": -2147483648
    },
    {
      "Message": "The sorting can be fixed, I've been looking into that. The main performance problem is the InstanceRegistry/sorting on the InstanceName. Sorting by the InstanceId is really quick (even when you have all the packages in the SimData directory open at once).\r\n\r\nI think moving the InstanceName into the DatabaseIndex, rather than continually searching the InstanceRegistry  would speed things up nicely. Just need a way to update all the names when someone sets a new one.",
      "PostedDate": "2013-03-22T07:23:32.44-07:00",
      "Id": -2147483648
    },
    {
      "Message": "I agree that sorting/filtering would probably be quicker if the instance name was cached.  \r\n\r\nI think that for the time being, it'd be ok if we have a list of packages in the background so that we can at least have multiple packages open in the tool. How we display it in the UI can always be modified later. Having a combined solution where the contents of multiple (or even all) packages/tabs can be viewed in one list (as warrior described) might be a good way to compromise.",
      "PostedDate": "2013-03-22T09:10:56.873-07:00",
      "Id": -2147483648
    },
    {
      "Message": "Ok, I've committed my initial version of it. Let me know if you want me to revert it, it's a rather large change, it might take a few attempts to get it working properly.\r\n\r\nI still need to get the Save as... functionality working again, it shouldn't take me long.",
      "PostedDate": "2013-03-22T11:41:36.93-07:00",
      "Id": -2147483648
    },
    {
      "Message": "Save as is now working, albeit moved to the Packages tab (rather than the main menu)",
      "PostedDate": "2013-03-22T12:32:55.377-07:00",
      "Id": -2147483648
    },
    {
      "Message": "One last change. I reworked the open/add/close functionality. Open packages can now select multiple files. Close can close multiple files from the package list context menu, and there's a close all item in the menu.",
      "PostedDate": "2013-03-22T12:45:22.763-07:00",
      "Id": -2147483648
    },
    {
      "Message": "Looking good so far, good work! - I'm still not entirely sold on this specific solution, but let's first focus on adding more modding features before quibbling about minor usability changes.",
      "PostedDate": "2013-03-22T13:35:03.687-07:00",
      "Id": -2147483648
    },
    {
      "Message": "In the InstanceRegistry, why are there two methods, GetName and GetInstanceName?\r\n\r\nThe MainWindow is quite big, perhaps a class called something like DatabasePackedFiles which manages the multiple package files.",
      "PostedDate": "2013-03-22T15:31:54.277-07:00",
      "Id": -2147483648
    },
    {
      "Message": "GetName just does the lookup and doesn't create a bunch of useless objects. Ideally we should just set the instancename in the databaseindex and be done with it.\r\n\r\nI agree that the main window is getting a little unweildy.",
      "PostedDate": "2013-03-22T22:49:11.023-07:00",
      "Id": -2147483648
    },
    {
      "Message": "Agreed, the MainWindow is getting a bit bloated  - there are probably quite a few things that shouldn't even be in there, starting with the package handling. It would probably be a good idea to create a seperate DatabasePackedFileManager which keeps an application-wide record of which packages are open. Then, instead of having to access the mainwindow from other windows, we can just have the manager class handle it. There are probably other parts of the MainWindow that can to be moved into seperate classes or user controls as well.",
      "PostedDate": "2013-03-23T06:24:16.167-07:00",
      "Id": -2147483648
    },
    {
      "Message": "I've moved the functionality into a separate class, DatabaseManager",
      "PostedDate": "2013-03-24T05:32:42.953-07:00",
      "Id": -2147483648
    },
    {
      "Message": "I think it would be better if there was Open Packages and Add Packages (perhaps different names though) in the menu where open package closes the current packages and then opens selected packages while add packages doesn't close the current ones. \r\n\r\nAlso the ability to have multiple main windows would be good, now we can have multiple packages. \r\n\r\nAnd perhaps indicating which files belong to which packages by having an index number column for package view which corresponds to a column in the files tab. ",
      "PostedDate": "2013-03-24T17:18:44.17-07:00",
      "Id": -2147483648
    },
    {
      "Message": "I've added in Add packages, and made Open packages close all the open packages first.",
      "PostedDate": "2013-03-25T01:34:33.747-07:00",
      "Id": -2147483648
    },
    {
      "Message": "",
      "PostedDate": "2013-04-05T00:00:39.453-07:00",
      "Id": -2147483648
    },
    {
      "Message": "",
      "PostedDate": "2013-05-16T03:59:08.993-07:00",
      "Id": -2147483648
    },
    {
      "Message": "",
      "PostedDate": "2013-05-16T03:59:09.157-07:00",
      "Id": -2147483648
    },
    {
      "Message": "",
      "PostedDate": "2013-06-14T00:26:50.523-07:00",
      "Id": -2147483648
    }
  ]
}