{
  "WorkItem": {
    "AffectedComponent": {
      "Name": "",
      "DisplayName": ""
    },
    "ClosedComment": "",
    "ClosedDate": null,
    "CommentCount": 0,
    "Custom": null,
    "Description": "The game contains the rules that run on a unit in compiled files. Some packages also contain the non-compiled versions of rules related to DLC. ElFarto is working on this.",
    "LastUpdatedDate": "2013-03-22T07:17:48.267-07:00",
    "PlannedForRelease": "",
    "ReleaseVisibleToPublic": false,
    "Priority": {
      "Name": "Unassigned",
      "Severity": 0,
      "Id": 0
    },
    "ProjectName": "simcitypak",
    "ReportedDate": "2013-03-22T04:26:11.427-07:00",
    "Status": {
      "Name": "Proposed",
      "Id": 1
    },
    "ReasonClosed": {
      "Name": "Unassigned"
    },
    "Summary": "Deciphering Rules files",
    "Type": {
      "Name": "Feature",
      "Id": 1
    },
    "VoteCount": 1,
    "Id": 1151
  },
  "FileAttachments": [],
  "Comments": [
    {
      "Message": "Currently, all the information I have is [here](http://community.simtropolis.com/topic/55521-binary-rules-file-format/).",
      "PostedDate": "2013-03-22T05:32:24.53-07:00",
      "Id": -2147483648
    },
    {
      "Message": "elFarto, from the post I understand we can't fully decompile rules because the strings are hashed? ",
      "PostedDate": "2013-03-22T06:17:21.55-07:00",
      "Id": -2147483648
    },
    {
      "Message": "Correct, the hashed strings will prevent us from fully decompiling the rules.",
      "PostedDate": "2013-03-22T07:17:48.267-07:00",
      "Id": -2147483648
    }
  ]
}