{
  "WorkItem": {
    "AffectedComponent": {
      "Name": "",
      "DisplayName": ""
    },
    "ClosedComment": "",
    "ClosedDate": null,
    "CommentCount": 0,
    "Custom": null,
    "Description": "All of the properties in a property file need to be modifiable. If there is only one value to edit and the display value is not different from the actual underlying data, the value should be editable in the property grid itself (float/int/uint property for example). If the property is more complex (key property for example), there needs to be a special editor window where the user can modify the value. Currently the editor is opened by using the context menu (right click -> Edit...) although maybe it would be better to have an 'edit' button in the field itself (a pencil icon).",
    "LastUpdatedDate": "2013-06-14T00:26:51.39-07:00",
    "PlannedForRelease": "",
    "ReleaseVisibleToPublic": false,
    "Priority": {
      "Name": "Unassigned",
      "Severity": 0,
      "Id": 0
    },
    "ProjectName": "simcitypak",
    "ReportedDate": "2013-03-18T01:53:34.347-07:00",
    "Status": {
      "Name": "Resolved",
      "Id": 7
    },
    "ReasonClosed": {
      "Name": "Unassigned"
    },
    "Summary": "Allow editing of all property file properties",
    "Type": {
      "Name": "Feature",
      "Id": 1
    },
    "VoteCount": 1,
    "Id": 1135
  },
  "FileAttachments": [],
  "Comments": []
}