{
  "WorkItem": {
    "AffectedComponent": {
      "Name": "",
      "DisplayName": ""
    },
    "ClosedComment": "",
    "ClosedDate": null,
    "CommentCount": 0,
    "Custom": null,
    "Description": "How might someone like myself to contribute to this project? I'm a developer, I've been working on some mods for SC13, currently I've defined instances for all the road types that where not avail, such as bridges, tunnels, arch-bridges, etc. Please email me if there is someway to help this development. Thanks -Tim\n\n(this is not an issue thread, just a question)",
    "LastUpdatedDate": "2014-04-11T10:38:50.133-07:00",
    "PlannedForRelease": "",
    "ReleaseVisibleToPublic": false,
    "Priority": {
      "Name": "Unassigned",
      "Severity": 0,
      "Id": 0
    },
    "ProjectName": "simcitypak",
    "ReportedDate": "2014-04-11T10:38:50.133-07:00",
    "Status": {
      "Name": "Proposed",
      "Id": 1
    },
    "ReasonClosed": {
      "Name": "Unassigned"
    },
    "Summary": "Contribute?",
    "Type": {
      "Name": "Unassigned",
      "Id": 5
    },
    "VoteCount": 1,
    "Id": 1619
  },
  "FileAttachments": [],
  "Comments": []
}