{
  "WorkItem": {
    "AffectedComponent": {
      "Name": "",
      "DisplayName": ""
    },
    "ClosedComment": "",
    "ClosedDate": null,
    "CommentCount": 0,
    "Custom": null,
    "Description": "Since it's currently extremely difficult (impossible?) to search by the actual property ID, or for a specific string, would it be possible to add bulk exporting from the main window? \n\nCurrently you can select multiple files, but it appears only the 'focused' selection is exported. Even just an \"Export All\" button would be invaluable for figuring out where things are located.",
    "LastUpdatedDate": "2013-06-14T00:26:51.62-07:00",
    "PlannedForRelease": "",
    "ReleaseVisibleToPublic": false,
    "Priority": {
      "Name": "Unassigned",
      "Severity": 0,
      "Id": 0
    },
    "ProjectName": "simcitypak",
    "ReportedDate": "2013-03-15T11:09:15.2-07:00",
    "Status": {
      "Name": "Resolved",
      "Id": 7
    },
    "ReasonClosed": {
      "Name": "Unassigned"
    },
    "Summary": "Allow bulk export",
    "Type": {
      "Name": "Issue",
      "Id": 3
    },
    "VoteCount": 1,
    "Id": 1131
  },
  "FileAttachments": [],
  "Comments": []
}