{
  "WorkItem": {
    "AffectedComponent": {
      "Name": "",
      "DisplayName": ""
    },
    "ClosedComment": "",
    "ClosedDate": null,
    "CommentCount": 0,
    "Custom": null,
    "Description": "This is not working. There are instances labeled but they do not appear in any XML file. I've also tried to manual modify these XML files, they do not change the SimCityPak Labels. \n\nFor Instances:  0x54abdf8c is labeled as \"CarTraffic\", it is not in any XML file. it also is \"incorrectly labeled\"\n(the instance below that, 0xe7565405 is Car Traffic, and it is not labeled nor can I make it labeled wit the current system.)",
    "LastUpdatedDate": "2014-04-14T07:22:10.417-07:00",
    "PlannedForRelease": "",
    "ReleaseVisibleToPublic": false,
    "Priority": {
      "Name": "Unassigned",
      "Severity": 0,
      "Id": 0
    },
    "ProjectName": "simcitypak",
    "ReportedDate": "2014-04-14T07:06:16.83-07:00",
    "Status": {
      "Name": "Proposed",
      "Id": 1
    },
    "ReasonClosed": {
      "Name": "Unassigned"
    },
    "Summary": "InstanceRegistry.xml (incorrect labeling) Modify failed.",
    "Type": {
      "Name": "Unassigned",
      "Id": 5
    },
    "VoteCount": 1,
    "Id": 1621
  },
  "FileAttachments": [],
  "Comments": [
    {
      "Message": "Also, looking at the ones I've labeled while inside packages, they do not appear inside these xml files. So I'm guessing replacing the exe will also replace all the label work I've already done. Great. ",
      "PostedDate": "2014-04-14T07:12:43.387-07:00",
      "Id": -2147483648
    },
    {
      "Message": "I do see that there is an Import, I will try that soon, but I'll now need to manual update the registry file and go back and update the ones Ive already done, if that import works. (the SimCityPak should update the XML files, thats would be the point of changing labels and backing up those changes) ",
      "PostedDate": "2014-04-14T07:22:10.417-07:00",
      "Id": -2147483648
    }
  ]
}