{
  "WorkItem": {
    "AffectedComponent": {
      "Name": "",
      "DisplayName": ""
    },
    "ClosedComment": "",
    "ClosedDate": null,
    "CommentCount": 0,
    "Custom": null,
    "Description": "Hey oppie i tried to change the Policiedistrict (0xb40cd52c), any change will result in a Error (after reloading). After testing around i can say quite sure that the fault comes from one of these Transform Properties. :)",
    "LastUpdatedDate": "2014-08-01T04:49:11.537-07:00",
    "PlannedForRelease": "",
    "ReleaseVisibleToPublic": false,
    "Priority": {
      "Name": "Unassigned",
      "Severity": 0,
      "Id": 0
    },
    "ProjectName": "simcitypak",
    "ReportedDate": "2014-06-22T14:00:15.84-07:00",
    "Status": {
      "Name": "Proposed",
      "Id": 1
    },
    "ReasonClosed": {
      "Name": "Unassigned"
    },
    "Summary": "[Solved] Problem with transform properties",
    "Type": {
      "Name": "Unassigned",
      "Id": 5
    },
    "VoteCount": 1,
    "Id": 1641
  },
  "FileAttachments": [
    {
      "FileId": 833,
      "FileName": "issue_1641_saving_heterogenous_transform_arrays.patch",
      "DownloadUrl": ".\\833"
    }
  ],
  "Comments": [
    {
      "Message": "here is the fix. For more detail see patch #16542",
      "PostedDate": "2014-07-03T05:16:04.46-07:00",
      "Id": -2147483648
    },
    {
      "Message": "Thank you so much dude!",
      "PostedDate": "2014-07-21T00:28:18.15-07:00",
      "Id": -2147483648
    },
    {
      "Message": "No problem. Enjoy it if it works, otherwise let me know..",
      "PostedDate": "2014-07-21T06:06:24.09-07:00",
      "Id": -2147483648
    },
    {
      "Message": "Works fine!",
      "PostedDate": "2014-08-01T04:46:54.283-07:00",
      "Id": -2147483648
    },
    {
      "Message": "",
      "PostedDate": "2014-08-01T04:49:11.537-07:00",
      "Id": -2147483648
    }
  ]
}