{
  "WorkItem": {
    "AffectedComponent": {
      "Name": "",
      "DisplayName": ""
    },
    "ClosedComment": "",
    "ClosedDate": "2013-04-22T09:01:10.59-07:00",
    "CommentCount": 0,
    "Custom": null,
    "Description": "Just wondering what the purpose for the ModifiedTypeId (and group & instance) is?\nAs now if you need to use an Id somewhere else you have to check if theres a modified version of the Id. wouldn't it just be easier to change the original Id?",
    "LastUpdatedDate": "2013-05-16T03:59:08.4-07:00",
    "PlannedForRelease": "",
    "ReleaseVisibleToPublic": false,
    "Priority": {
      "Name": "Unassigned",
      "Severity": 0,
      "Id": 0
    },
    "ProjectName": "simcitypak",
    "ReportedDate": "2013-04-11T04:52:11.463-07:00",
    "Status": {
      "Name": "Closed",
      "Id": 4
    },
    "ReasonClosed": {
      "Name": "Unassigned"
    },
    "Summary": "Purpose of ModifiedTypeId?",
    "Type": {
      "Name": "Issue",
      "Id": 3
    },
    "VoteCount": 1,
    "Id": 1203
  },
  "FileAttachments": [],
  "Comments": [
    {
      "Message": "SimCityPak always needs a reference to the original index - for example, if you only change the TGI information of an index and _not_ the actual data and then try to save the pacakge, it will try to get the data from the original index. But without the correctTGI information, it can't find the index in the original package file anymore.",
      "PostedDate": "2013-04-11T06:42:58.787-07:00",
      "Id": -2147483648
    },
    {
      "Message": "I don't understand?\nWhen you save a package it loops though all the Indices, it doesn't use any of the TGI to find indexes. And it does index.TypeId = index.ModifiedTypeId before it gets the data anyway.\r\n\r\nIt always has a reference to the index because changes the TGI information doesn't affect the index being in the Indices List.",
      "PostedDate": "2013-04-11T07:17:55.117-07:00",
      "Id": -2147483648
    },
    {
      "Message": "Hmm, you might be right - I've looked at the code again and while I assumed that the GetData() for the index would use the TGI information , it actually uses the offset and size to get the original data (which makes more sense). So I guess the modifiedID's aren't strictly necessary anymore. ",
      "PostedDate": "2013-04-12T02:19:06.623-07:00",
      "Id": -2147483648
    },
    {
      "Message": "Ok, I removed the modified properties, and made it so the TGI information updates immediately.\nBtw, did you get my reply in the private group?",
      "PostedDate": "2013-04-12T17:07:37.467-07:00",
      "Id": -2147483648
    },
    {
      "Message": "",
      "PostedDate": "2013-04-22T09:01:10.59-07:00",
      "Id": -2147483648
    },
    {
      "Message": "",
      "PostedDate": "2013-04-22T09:01:15.73-07:00",
      "Id": -2147483648
    },
    {
      "Message": "",
      "PostedDate": "2013-05-16T03:59:08.4-07:00",
      "Id": -2147483648
    }
  ]
}