{
  "WorkItem": {
    "AffectedComponent": {
      "Name": "",
      "DisplayName": ""
    },
    "ClosedComment": "",
    "ClosedDate": null,
    "CommentCount": 0,
    "Custom": null,
    "Description": "When adding new array items within a property, and setting the values to be unique - exporting the package results in all values being the same.\n\nSteps to reproduce: \n\n1. Load up shuttle bus from the SimCity Scripts package\n2. Add 3 kPropEcoUnitResourceBins  Array Items\n3. Set the 3 new Array Items (should be index 68, 69 & 70) to be 0x6441B681, 0xC86636F6 and 0x1A7B1747 respectively\n4. Add 3 kPropEcoUnitResourceBinCapacities Array Items\n5. Set the 3 new Array Items (should be index 68, 69 & 70) to 2147483647 (i.e. the same as most others)\n6. Export to package\n7. Close all packages, and re-open the new one you just exported\n8. You will see that the kPropEcoUnitResourceBins you added are all the same value\n\n(Steps 4 and 5 are not required to reproduce issue, but will be required if you intend to modify the game properly)\n\nTemporary Workaround:  Use a Hex Editor like HxD to load up the exported package and correct the entries to set them to what you would like them to be.\n\nTip: The above mod will enable High Wealth Workers, Tourists and Shoppers to use shuttle busses.",
    "LastUpdatedDate": "2014-10-12T11:54:37.257-07:00",
    "PlannedForRelease": "",
    "ReleaseVisibleToPublic": false,
    "Priority": {
      "Name": "Unassigned",
      "Severity": 0,
      "Id": 0
    },
    "ProjectName": "simcitypak",
    "ReportedDate": "2014-06-19T23:33:38.267-07:00",
    "Status": {
      "Name": "Proposed",
      "Id": 1
    },
    "ReasonClosed": {
      "Name": "Unassigned"
    },
    "Summary": "Editing Inserted Array Items duplicates values",
    "Type": {
      "Name": "Unassigned",
      "Id": 5
    },
    "VoteCount": 2,
    "Id": 1639
  },
  "FileAttachments": [],
  "Comments": [
    {
      "Message": "You can use my workaround\r\n\r\n1. Add Array Items\n2. Save\n3. Reload Packages\n4. Now add the new values in the array\n5. Save, done.\n",
      "PostedDate": "2014-10-12T11:54:37.257-07:00",
      "Id": -2147483648
    }
  ]
}