{
  "WorkItem": {
    "AffectedComponent": {
      "Name": "",
      "DisplayName": ""
    },
    "ClosedComment": "",
    "ClosedDate": null,
    "CommentCount": 0,
    "Custom": null,
    "Description": "Hey all versions over SCPACK 0.1.0.8 cause a crash if i try to import any Blender .obj or .dae data and i get graphic artifacts in Game & SCPAK. Models made with Autodesk 3D Studio Max are fine with no Graphic bugs.\nImporting .dae dosnt work at all for me.\nIts a bit confusing because Blender was noted in the Documentation xD",
    "LastUpdatedDate": "2014-08-06T08:06:26.81-07:00",
    "PlannedForRelease": "",
    "ReleaseVisibleToPublic": false,
    "Priority": {
      "Name": "Unassigned",
      "Severity": 0,
      "Id": 0
    },
    "ProjectName": "simcitypak",
    "ReportedDate": "2014-08-05T03:52:32.13-07:00",
    "Status": {
      "Name": "Proposed",
      "Id": 1
    },
    "ReasonClosed": {
      "Name": "Unassigned"
    },
    "Summary": "Problem with importing Blender .obj files",
    "Type": {
      "Name": "Unassigned",
      "Id": 5
    },
    "VoteCount": 1,
    "Id": 1656
  },
  "FileAttachments": [],
  "Comments": []
}