{
  "WorkItem": {
    "AffectedComponent": {
      "Name": "",
      "DisplayName": ""
    },
    "ClosedComment": "",
    "ClosedDate": null,
    "CommentCount": 0,
    "Custom": null,
    "Description": "Since most of the application is based on earlier work and there's been a lot of experimentation with how to handle specific file formats, the object model is currently a patchwork of different classes that all behave slightly differently.\n\nKeeping possible future developments in mind, I'd like to have a unified object model/API that's easy to use without having to understand all the inside workings and quirks of the file formats. \n\nThis is a long-term goal considering that there's still a lot of research to be done, but we can already start by cleaning up the existing object model.",
    "LastUpdatedDate": "2013-04-24T06:40:52.777-07:00",
    "PlannedForRelease": "",
    "ReleaseVisibleToPublic": false,
    "Priority": {
      "Name": "Unassigned",
      "Severity": 0,
      "Id": 0
    },
    "ProjectName": "simcitypak",
    "ReportedDate": "2013-03-21T01:38:09.997-07:00",
    "Status": {
      "Name": "Proposed",
      "Id": 1
    },
    "ReasonClosed": {
      "Name": "Unassigned"
    },
    "Summary": "Create unified object model",
    "Type": {
      "Name": "Task",
      "Id": 2
    },
    "VoteCount": 1,
    "Id": 1141
  },
  "FileAttachments": [],
  "Comments": [
    {
      "Message": "I'm not entirely sure if this will be relevant to this topic, but I'm pretty sure it is.\r\n\r\nI was thinking about this the other day, with the RW4 models, a lot of the sections don't have custom views, and it would be nice (perhaps make it easier to see the relationships between the sections), if there was a generic data grid that displayed the properties of each section.\r\n\r\n For example, off the top of my head its the MeshMaterialAssignment section that contains the Mesh section number, the count of following material section, and the material sections numbers.\n It would be great if a struct* could be created that has these three fields and then there is a generic piece of code that look at the structure of the struct (which will match the structure of the binary data), and fill the struct with the data, and then pass this struct to the MeshMaterialAssignment object which processes it (fetches the data of the sections referenced).\r\n\r\nThis way if there is a new section or file, only a struct* needs to be created to declare the structure of the data.\r\n\r\n* I saw struct but it might be better to have a dictionary or lists, because loading a struct from binary data is easily possible (the DBPF header uses this), but it can't read a dynamic length array where the length is specific earlier in the file (for example, there is a count of material sections in the MeshMaterialAssignment before the actual material section numbers)\r\n\r\nThis, I think, would also make the object model more unified. ",
      "PostedDate": "2013-04-23T05:53:48.903-07:00",
      "Id": -2147483648
    },
    {
      "Message": "While this wasn't exactly what I had in mind with this issue, it's something that we'll definitely have to implement at some point. \r\n\r\nNevertheless, for the moment I'm trying to focus on writing the model files back to the package instead of reading every section correctly. SO, for the moment, everything except textures is being loaded as a byte array (blob section) so that I only have to worry about getting the header right. This way, we would also be able to modify vehicle textures without having to completely understand the mesh related sections.\r\n\r\nSo far, this method works for textures only (model files that only contain a texture section and texture blob section) - I still don't completely understand how the RW4 headers work, but FYI here's my current understanding;\r\n\r\nThe header starts with a lot of basic information about the file such as amount of sections, type, length etc. This is then followed by a series of offsets (?) which contain a section index (which contains the location of the actual section data, much like the database indices in the DBPF files) and fixup (?) index. The actual section data comes after the header. \r\n\r\nThe sections themselves are pretty straightforward, and I'm convinced that if I can write the header and section indices consistently, I can slowly work my way up to meshes and all other sections that we are able to read. We're very close to being able to import custom vehicle models, but I seem to be missing something in the header structure.",
      "PostedDate": "2013-04-24T06:40:52.777-07:00",
      "Id": -2147483648
    }
  ]
}