{
  "WorkItem": {
    "AffectedComponent": {
      "Name": "",
      "DisplayName": ""
    },
    "ClosedComment": "",
    "ClosedDate": null,
    "CommentCount": 0,
    "Custom": null,
    "Description": "Should be pretty easy to implement with an OpenFileDialog and then saving the file in a way similar to how a ModifiedTextFile is saved.",
    "LastUpdatedDate": "2013-06-14T00:26:50.96-07:00",
    "PlannedForRelease": "",
    "ReleaseVisibleToPublic": false,
    "Priority": {
      "Name": "Unassigned",
      "Severity": 0,
      "Id": 0
    },
    "ProjectName": "simcitypak",
    "ReportedDate": "2013-03-21T14:45:56.09-07:00",
    "Status": {
      "Name": "Resolved",
      "Id": 7
    },
    "ReasonClosed": {
      "Name": "Unassigned"
    },
    "Summary": "Import and save PNG files",
    "Type": {
      "Name": "Issue",
      "Id": 3
    },
    "VoteCount": 1,
    "Id": 1148
  },
  "FileAttachments": [],
  "Comments": [
    {
      "Message": "If a generic import file and delete functions are added then this won't be necessary because you could just replace the PNG in the main list",
      "PostedDate": "2013-03-22T02:13:01.91-07:00",
      "Id": -2147483648
    },
    {
      "Message": "I'd say that we need both - I can think of many scenarios where you would want to replace an existing PNG, and having to delete, then import and re-configure the TGI information seems like a cumbersome process for something that's relatively easy to implement. \r\n\r\nAlso, it would be preferrable if editing a file would work similarly across the board - so that every file type is modifyable from the context view. ",
      "PostedDate": "2013-03-22T03:18:34.977-07:00",
      "Id": -2147483648
    },
    {
      "Message": "You could just have a Replace file option in the context menu and it would \"remember\" the TGI, delete the old file, import the new one and reapply the TGI.",
      "PostedDate": "2013-03-22T10:51:27.383-07:00",
      "Id": -2147483648
    },
    {
      "Message": "I've added an implementation of how I envision this to work - it replaces the byte array of the image data with the one that is imported and registers the file as modified. ",
      "PostedDate": "2013-03-24T05:51:17.72-07:00",
      "Id": -2147483648
    },
    {
      "Message": "",
      "PostedDate": "2013-03-25T03:17:24.27-07:00",
      "Id": -2147483648
    },
    {
      "Message": "",
      "PostedDate": "2013-05-16T03:59:09.333-07:00",
      "Id": -2147483648
    },
    {
      "Message": "",
      "PostedDate": "2013-05-16T03:59:09.463-07:00",
      "Id": -2147483648
    },
    {
      "Message": "",
      "PostedDate": "2013-06-14T00:26:50.96-07:00",
      "Id": -2147483648
    }
  ]
}