{
  "WorkItem": {
    "AffectedComponent": {
      "Name": "",
      "DisplayName": ""
    },
    "ClosedComment": "",
    "ClosedDate": null,
    "CommentCount": 0,
    "Custom": null,
    "Description": "While it is possible to view a model in a preview window, a lot of things are still unknown about the RW4 file format. In order to be able to modifiy the models, at least the mesh sections should be understood. These are the main issues that still exist for the mesh sections:\n\n- Normals/UV coordinates are stored in different bytes for different meshes\n- There's extra information in vertices that has not yet been identified. The VertexCollection defines a vertex size (how big a vertex is in bytes) and this is different per mesh. Most of the information (xyz, normals, uv's) can be predicted to be in the same spot, and there's also some animation related stuff (bone indices, bone weights) in there, but the rest is a mystery.",
    "LastUpdatedDate": "2013-03-15T01:25:38.727-07:00",
    "PlannedForRelease": "",
    "ReleaseVisibleToPublic": false,
    "Priority": {
      "Name": "Unassigned",
      "Severity": 0,
      "Id": 0
    },
    "ProjectName": "simcitypak",
    "ReportedDate": "2013-03-15T01:25:38.727-07:00",
    "Status": {
      "Name": "Proposed",
      "Id": 1
    },
    "ReasonClosed": {
      "Name": "Unassigned"
    },
    "Summary": "Decode RW4 mesh sections",
    "Type": {
      "Name": "Issue",
      "Id": 3
    },
    "VoteCount": 1,
    "Id": 1129
  },
  "FileAttachments": [],
  "Comments": []
}