{
  "WorkItem": {
    "AffectedComponent": {
      "Name": "",
      "DisplayName": ""
    },
    "ClosedComment": "Has been fixed by OR'ing the compressed size with 0x80000000 - the game uses this to check whether the index has compressed flags or not.",
    "ClosedDate": "2013-03-18T01:43:39.15-07:00",
    "CommentCount": 0,
    "Custom": null,
    "Description": "To allow the actual editing of .package files, the first step is saving an existing package file structure to a new file and having the game be able to read the files with no problems. \n\nCurrent status:\n- Saved files can be opened by the tool but not by the game\n- File size is different between original and re-saved file",
    "LastUpdatedDate": "2013-05-16T03:59:10.853-07:00",
    "PlannedForRelease": "",
    "ReleaseVisibleToPublic": false,
    "Priority": {
      "Name": "Unassigned",
      "Severity": 0,
      "Id": 0
    },
    "ProjectName": "simcitypak",
    "ReportedDate": "2013-03-15T01:17:56.273-07:00",
    "Status": {
      "Name": "Closed",
      "Id": 4
    },
    "ReasonClosed": {
      "Name": "Unassigned"
    },
    "Summary": "Re-saving existing .package files",
    "Type": {
      "Name": "Feature",
      "Id": 1
    },
    "VoteCount": 1,
    "Id": 1128
  },
  "FileAttachments": [],
  "Comments": []
}