{
  "WorkItem": {
    "AffectedComponent": {
      "Name": "",
      "DisplayName": ""
    },
    "ClosedComment": "",
    "ClosedDate": null,
    "CommentCount": 0,
    "Custom": null,
    "Description": "After following the answer from Oppie at https://simcitypak.codeplex.com/discussions/544956, I tried to use this function to load English versions of the instance names.\n\nI had to first overcome the Crash which is detailed in another issue, but after overcoming that crash, I find that the function doesn't actually do what it says it should do.\n\nIt looks like Load Instance Names is expecting properties.txt to contain something useful.  We don't have this file as part of the download, and instructions on how to populate this file is absent.",
    "LastUpdatedDate": "2017-11-28T07:36:52.747-08:00",
    "PlannedForRelease": "",
    "ReleaseVisibleToPublic": false,
    "Priority": {
      "Name": "Medium",
      "Severity": 100,
      "Id": 2
    },
    "ProjectName": "simcitypak",
    "ReportedDate": "2014-05-19T03:16:14.537-07:00",
    "Status": {
      "Name": "Active",
      "Id": 2
    },
    "ReasonClosed": {
      "Name": "Unassigned"
    },
    "Summary": "\"Load Instance Names\" does not load instance names",
    "Type": {
      "Name": "Issue",
      "Id": 3
    },
    "VoteCount": 2,
    "Id": 1632
  },
  "FileAttachments": [],
  "Comments": [
    {
      "Message": "This will be solved in the next release (coming this saturdat most likely)",
      "PostedDate": "2014-05-22T01:11:06.877-07:00",
      "Id": -2147483648
    },
    {
      "Message": "",
      "PostedDate": "2014-05-22T01:11:57.527-07:00",
      "Id": -2147483648
    },
    {
      "Message": "Thanking you most profusely :)",
      "PostedDate": "2014-05-22T01:16:53.403-07:00",
      "Id": -2147483648
    },
    {
      "Message": "This is resolved with SimCityPak 0.3.1.0\r\n\r\nPlease note that in order to get the translations, you have to open the base game files - not the script files.",
      "PostedDate": "2014-06-19T23:22:07.18-07:00",
      "Id": -2147483648
    },
    {
      "Message": "",
      "PostedDate": "2017-11-28T07:36:52.747-08:00",
      "Id": -2147483648
    }
  ]
}