[
  {
    "Id": 1099,
    "Title": "no setPixel on WriteableBitmap"
  },
  {
    "Id": 1128,
    "Title": "Re-saving existing .package files"
  },
  {
    "Id": 1129,
    "Title": "Decode RW4 mesh sections"
  },
  {
    "Id": 1130,
    "Title": "Decode RW4"
  },
  {
    "Id": 1131,
    "Title": "Allow bulk export"
  },
  {
    "Id": 1135,
    "Title": "Allow editing of all property file properties"
  },
  {
    "Id": 1136,
    "Title": "Saving to existing package file"
  },
  {
    "Id": 1137,
    "Title": "RW4 texture import"
  },
  {
    "Id": 1141,
    "Title": "Create unified object model"
  },
  {
    "Id": 1148,
    "Title": "Import and save PNG files"
  },
  {
    "Id": 1150,
    "Title": "Allow opening of multiple packages"
  },
  {
    "Id": 1151,
    "Title": "Deciphering Rules files"
  },
  {
    "Id": 1154,
    "Title": "Allow saving compressed files"
  },
  {
    "Id": 1178,
    "Title": "Renaming Menus to Categories"
  },
  {
    "Id": 1182,
    "Title": "Create Lot Editor"
  },
  {
    "Id": 1183,
    "Title": "Expanding the TypeRegistry.xml for properties"
  },
  {
    "Id": 1203,
    "Title": "Purpose of ModifiedTypeId?"
  },
  {
    "Id": 1619,
    "Title": "Contribute?"
  },
  {
    "Id": 1621,
    "Title": "InstanceRegistry.xml (incorrect labeling) Modify failed."
  },
  {
    "Id": 1631,
    "Title": "Crash on \"Load Instance Names\""
  },
  {
    "Id": 1632,
    "Title": "\"Load Instance Names\" does not load instance names"
  },
  {
    "Id": 1637,
    "Title": "Empty list items"
  },
  {
    "Id": 1639,
    "Title": "Editing Inserted Array Items duplicates values"
  },
  {
    "Id": 1641,
    "Title": "[Solved] Problem with transform properties"
  },
  {
    "Id": 1643,
    "Title": "Retexture bug"
  },
  {
    "Id": 1656,
    "Title": "Problem with importing Blender .obj files"
  },
  {
    "Id": 1743,
    "Title": "SimCityPak crashes when trying to view \"0x92a45025\""
  }
]