{
  "WorkItem": {
    "AffectedComponent": {
      "Name": "",
      "DisplayName": ""
    },
    "ClosedComment": "",
    "ClosedDate": null,
    "CommentCount": 0,
    "Custom": null,
    "Description": "I'm relatively certain that the developers referred to Menus as Categories instead. Should the things we've named Menu already be renamed?\n\n(Perhaps the developers refer to the actual on screen HTML/JS as menus, but the organization behind it (PROP) as categories?)",
    "LastUpdatedDate": "2013-05-07T11:22:07.963-07:00",
    "PlannedForRelease": "",
    "ReleaseVisibleToPublic": false,
    "Priority": {
      "Name": "Unassigned",
      "Severity": 0,
      "Id": 0
    },
    "ProjectName": "simcitypak",
    "ReportedDate": "2013-04-02T07:00:23.737-07:00",
    "Status": {
      "Name": "Proposed",
      "Id": 1
    },
    "ReasonClosed": {
      "Name": "Unassigned"
    },
    "Summary": "Renaming Menus to Categories",
    "Type": {
      "Name": "Issue",
      "Id": 3
    },
    "VoteCount": 2,
    "Id": 1178
  },
  "FileAttachments": [],
  "Comments": [
    {
      "Message": "I agree that we should use the same terminology that the developers use, so if you're certain that they use categories rather than 'menus (you're probably right), feel free to do so.",
      "PostedDate": "2013-04-02T07:23:36.513-07:00",
      "Id": -2147483648
    },
    {
      "Message": "",
      "PostedDate": "2013-05-07T11:22:07.963-07:00",
      "Id": -2147483648
    }
  ]
}