{
  "WorkItem": {
    "AffectedComponent": {
      "Name": "",
      "DisplayName": ""
    },
    "ClosedComment": "",
    "ClosedDate": null,
    "CommentCount": 0,
    "Custom": null,
    "Description": "Hi, \n\nSimCityPak crashes for me when I try to view \"0x92a45025\" found in \"SimCity_Game.package\" same for anyone else? I thought it perhaps where an \"illegal character somewhere that causes  this. So I've tried with both my \"own\" databases and the default ones if thats too any help.\n\n my versions of \"database_main.s3db\" and \"database_user.s3db\")\n\n```\nDescription:\n  A problem caused this program to stop interacting with Windows.\n\nProblem signature:\n  Problem Event Name:\tAppHangB1\n  Application Name:\tSimCityPak.exe\n  Application Version:\t0.3.0.0\n  Application Timestamp:\t536a8de8\n  Hang Signature:\t52f2\n  Hang Type:\t134217984\n  OS Version:\t6.3.9600.2.0.0.256.48\n  Locale ID:\t1053\n  Additional Hang Signature 1:\t52f2b389c8588789da210d897a5bd467\n  Additional Hang Signature 2:\t161a\n  Additional Hang Signature 3:\t161a62bdd4757a4902965544b68ab00b\n  Additional Hang Signature 4:\t52f2\n  Additional Hang Signature 5:\t52f2b389c8588789da210d897a5bd467\n  Additional Hang Signature 6:\t161a\n  Additional Hang Signature 7:\t161a62bdd4757a4902965544b68ab00b\n```\n  \n Default \"database_main.s3db\" and \"database_user.s3db\"\n\n```\n  Description:\n  A problem caused this program to stop interacting with Windows.\n\nProblem signature:\n  Problem Event Name:\tAppHangB1\n  Application Name:\tSimCityPak.exe\n  Application Version:\t0.3.0.0\n  Application Timestamp:\t536a8de8\n  Hang Signature:\t0ba8\n  Hang Type:\t134217984\n  OS Version:\t6.3.9600.2.0.0.256.48\n  Locale ID:\t1053\n  Additional Hang Signature 1:\t0ba88a62727325fd83adb39cc40f09ce\n  Additional Hang Signature 2:\t0741\n  Additional Hang Signature 3:\t0741cf43adc5c091eb9936d7152562d8\n  Additional Hang Signature 4:\t0ba8\n  Additional Hang Signature 5:\t0ba88a62727325fd83adb39cc40f09ce\n  Additional Hang Signature 6:\t0741\n  Additional Hang Signature 7:\t0741cf43adc5c091eb9936d7152562d8\n```\n\n Default and Edited \"database_main.s3db\" and \"database_user.s3db\"\n\n```\nDescription:\n  A problem caused this program to stop interacting with Windows.\n\nProblem signature:\n  Problem Event Name:\tAppHangB1\n  Application Name:\tSimCityPak.exe\n  Application Version:\t0.4.0.0\n  Application Timestamp:\t53bec5af\n  Hang Signature:\tbdfb\n  Hang Type:\t134217984\n  OS Version:\t6.3.9600.2.0.0.256.48\n  Locale ID:\t1053\n  Additional Hang Signature 1:\tbdfba9a9adb1606001e7fee4541e6cc1\n  Additional Hang Signature 2:\t6698\n  Additional Hang Signature 3:\t6698319931ce2a0bcd9a95ec5a376a7f\n  Additional Hang Signature 4:\tbdfb\n  Additional Hang Signature 5:\tbdfba9a9adb1606001e7fee4541e6cc1\n  Additional Hang Signature 6:\t6698\n  Additional Hang Signature 7:\t6698319931ce2a0bcd9a95ec5a376a7f\n```",
    "LastUpdatedDate": "2014-12-30T07:22:49.733-08:00",
    "PlannedForRelease": "",
    "ReleaseVisibleToPublic": false,
    "Priority": {
      "Name": "Unassigned",
      "Severity": 0,
      "Id": 0
    },
    "ProjectName": "simcitypak",
    "ReportedDate": "2014-12-30T05:43:15.59-08:00",
    "Status": {
      "Name": "Proposed",
      "Id": 1
    },
    "ReasonClosed": {
      "Name": "Unassigned"
    },
    "Summary": "SimCityPak crashes when trying to view \"0x92a45025\"",
    "Type": {
      "Name": "Unassigned",
      "Id": 5
    },
    "VoteCount": 1,
    "Id": 1743
  },
  "FileAttachments": [],
  "Comments": []
}