{
  "WorkItem": {
    "AffectedComponent": {
      "Name": "",
      "DisplayName": ""
    },
    "ClosedComment": "",
    "ClosedDate": "2013-05-06T10:19:54.147-07:00",
    "CommentCount": 0,
    "Custom": null,
    "Description": "Since the RW4 file has its own indexing system, it should theoretically be possible to change a texture file without having to understand the details of the other RW4 sections (similar to how we save the package without knowing all the file types).",
    "LastUpdatedDate": "2013-05-16T03:59:09.633-07:00",
    "PlannedForRelease": "",
    "ReleaseVisibleToPublic": false,
    "Priority": {
      "Name": "Unassigned",
      "Severity": 0,
      "Id": 0
    },
    "ProjectName": "simcitypak",
    "ReportedDate": "2013-03-18T02:20:55.6-07:00",
    "Status": {
      "Name": "Closed",
      "Id": 4
    },
    "ReasonClosed": {
      "Name": "Unassigned"
    },
    "Summary": "RW4 texture import",
    "Type": {
      "Name": "Feature",
      "Id": 1
    },
    "VoteCount": 1,
    "Id": 1137
  },
  "FileAttachments": [],
  "Comments": []
}