{
  "WorkItem": {
    "AffectedComponent": {
      "Name": "",
      "DisplayName": ""
    },
    "ClosedComment": "Fixed the references and included them on TFS.",
    "ClosedDate": "2013-03-15T01:34:19.377-07:00",
    "CommentCount": 0,
    "Custom": null,
    "Description": "In the lastest commit (22242) you added the ability to view Rasters, but used a setPixel method on a WriteableBitmap. Which doesn't exist:\n\n\n> Error\t8\t'System.Windows.Media.Imaging.WriteableBitmap' does not contain a definition for 'SetPixel' and no extension method 'SetPixel' accepting a first argument of type 'System.Windows.Media.Imaging.WriteableBitmap' could be found (are you missing a using directive or an assembly reference?)\tSimCityPak\\Views\\ViewRaster.xaml.cs\t66\t40\tSimCityPak",
    "LastUpdatedDate": "2013-05-16T03:59:11.007-07:00",
    "PlannedForRelease": "",
    "ReleaseVisibleToPublic": false,
    "Priority": {
      "Name": "Low",
      "Severity": 50,
      "Id": 1
    },
    "ProjectName": "simcitypak",
    "ReportedDate": "2013-02-11T12:04:41.027-08:00",
    "Status": {
      "Name": "Closed",
      "Id": 4
    },
    "ReasonClosed": {
      "Name": "Unassigned"
    },
    "Summary": "no setPixel on WriteableBitmap",
    "Type": {
      "Name": "Issue",
      "Id": 3
    },
    "VoteCount": 1,
    "Id": 1099
  },
  "FileAttachments": [],
  "Comments": []
}