{
  "WorkItem": {
    "AffectedComponent": {
      "Name": "",
      "DisplayName": ""
    },
    "ClosedComment": "",
    "ClosedDate": null,
    "CommentCount": 0,
    "Custom": null,
    "Description": "Apart from the mesh sections, there's also still animation, rigging and many other section types that only have been decoded to a very small extent.\n\nI don't think all of these have to be decoded in order to be able to save a new model into the game (as we can just write the raw byte[] data back to the file with only the relevant mesh information changed), but since almost all of the buildings have animations and effects in this game, these should be researched.",
    "LastUpdatedDate": "2013-06-07T07:57:11.423-07:00",
    "PlannedForRelease": "",
    "ReleaseVisibleToPublic": false,
    "Priority": {
      "Name": "Unassigned",
      "Severity": 0,
      "Id": 0
    },
    "ProjectName": "simcitypak",
    "ReportedDate": "2013-03-15T01:30:24.81-07:00",
    "Status": {
      "Name": "Proposed",
      "Id": 1
    },
    "ReasonClosed": {
      "Name": "Unassigned"
    },
    "Summary": "Decode RW4",
    "Type": {
      "Name": "Feature",
      "Id": 1
    },
    "VoteCount": 2,
    "Id": 1130
  },
  "FileAttachments": [],
  "Comments": [
    {
      "Message": "Some of the sections have known fields (according to the Spore model at least). It may be helpful if instead of hex view being the default for Mesh views, have a datagrid listing the known fields (even if they are named unknown).",
      "PostedDate": "2013-03-22T13:53:24.71-07:00",
      "Id": -2147483648
    },
    {
      "Message": "I've continued to re-write much of the code that writes the RW4 file, and I think I now have a clearer picture of the file structure. As far as I can tell, it contains these main elements in the following order:\r\n\r\n* Header\n* Section Data (non-blob)\n* Section Index\n* Section Data (blob)\r\n\r\nThe sections are not stored in the file in the order of their 'number', but rather by section type. Several sections always relate to a blob section, such as textures or meshes.  The 'number' of the related blob is usually the number of the non-blob section minus one. Luckily, I don't think we'll ever have to meddle with re-ordering the sections.",
      "PostedDate": "2013-04-25T02:02:37.197-07:00",
      "Id": -2147483648
    },
    {
      "Message": "",
      "PostedDate": "2013-06-07T07:57:11.423-07:00",
      "Id": -2147483648
    }
  ]
}