[
  {
    "Id": "0",
    "Name": "SimCityPak 0.3.0.0",
    "DevelopmentStatus": "Alpha",
    "Description": "Contains several bugfixes, newly identified properties and some UI improvements.\n\n*Main new features*\n* UI overhaul for the main index list:\n** Icons for each different index, including icons for different property files\n** Tooltips for all relevant fields\n** Removed clutter\n* Identified hundreds of additional properties (thanks to MaxisGuillaume) - this should make modding gameplay easier",
    "ReleasedDatge": "0001-01-01T00:00:00",
    "ModifiedDate": "2014-05-07T12:55:08.403-07:00",
    "Files": [
      {
        "Id": "bf218dbd-f563-4689-95e7-b9bfadd672f3",
        "FileName": "SimCityPak_0_3_0_0.rar",
        "Url": "./0/bf218dbd-f563-4689-95e7-b9bfadd672f3",
        "Type": "Application",
        "UploadDate": "2014-05-07T12:55:07.7-07:00"
      }
    ]
  },
  {
    "Id": "1",
    "Name": "SimCityPak 0.2.1.0",
    "DevelopmentStatus": "Alpha",
    "Description": "! Release Notes\nContains several bugfixes, newly identified properties and improvements for importing 3d models.\n\nMain new features\n* Tool for 'flattening' scripts files for use with offline mode (requires simcity path to be set in settings)\n* Ability to export textures from RW4 materials tab",
    "ReleasedDatge": "0001-01-01T00:00:00",
    "ModifiedDate": "2014-03-19T13:05:11.18-07:00",
    "Files": [
      {
        "Id": "ce239fe7-7a14-4602-9399-f5bbee4a48ac",
        "FileName": "SimCityPak_0_2_1_0.rar",
        "Url": "./1/ce239fe7-7a14-4602-9399-f5bbee4a48ac",
        "Type": "Application",
        "UploadDate": "2014-03-19T13:05:10.4-07:00"
      }
    ]
  },
  {
    "Id": "2",
    "Name": "SimCityPak 0.2.0.0",
    "DevelopmentStatus": "Beta",
    "Description": "It's been a long time since I last made a public release of this tool, and a lot has happened in the mean time. Since offline mode will be released in a short while (hopefully increasing interest in modding), I'm uploading a new version, something which I will once again do more often from now on. Since it's been a while,\n\n*Main new Features:*\n* Registry information stored in a database to increase performance\n* Improved Lot Editor\n* Importing of 3d models will now be done using the Collada Format using the OpenCollada exporter.\n\n*Minor Additions:*\n* Tool to import instance names from locale file\n* More stable properties editor\n* Toggle from 'internal names' to more user friendly property names\n* Many bug fixes",
    "ReleasedDatge": "0001-01-01T00:00:00",
    "ModifiedDate": "2014-01-19T07:02:42.33-08:00",
    "Files": [
      {
        "Id": "359ab103-b480-4642-ae55-202d5a0bd5ff",
        "FileName": "SimCityPak_0_2_0_0.rar",
        "Url": "./2/359ab103-b480-4642-ae55-202d5a0bd5ff",
        "Type": "Application",
        "UploadDate": "2014-01-19T07:02:41.77-08:00"
      }
    ]
  },
  {
    "Id": "3",
    "Name": "SimCityPak 0.1.0.8",
    "DevelopmentStatus": "Alpha",
    "Description": "! SimCityPak 0.1.0.8\n\nNew features:\n\n* Import BMP color palettes for vehicles\n* Import RASTER file (uncompressed 8.8.8.8 DDS files)\n* View different channels of RASTER files or preview of all layers combined\n* Find text in javascripts\n* TGA viewer\n* Ground textures added to lot editor\n* Many additional identified instances and properties",
    "ReleasedDatge": "0001-01-01T00:00:00",
    "ModifiedDate": "2013-06-09T14:18:12-07:00",
    "Files": [
      {
        "Id": "456fd80b-f4e9-44b6-a88f-d45efea7443d",
        "FileName": "SimCityPak_0_1_0_8.rar",
        "Url": "./3/456fd80b-f4e9-44b6-a88f-d45efea7443d",
        "Type": "Application",
        "UploadDate": "2013-06-09T14:18:11.483-07:00"
      }
    ]
  },
  {
    "Id": "4",
    "Name": "SimCityPak 0.1.0.7",
    "DevelopmentStatus": "Alpha",
    "Description": "! SimCityPak 0.1.0.7\n\nNew features:\n\n* Import .OBJ format 3d models. When importing, make sure that the model file contains normals and texture coordinates. Materials are not needed. Tangent and binormal for normal maps are exported. \n* Save button in hex editor",
    "ReleasedDatge": "0001-01-01T00:00:00",
    "ModifiedDate": "2013-05-19T04:51:55.707-07:00",
    "Files": [
      {
        "Id": "90eb45cf-e79d-425b-a1d7-1e538404e301",
        "FileName": "SimCityPak_0_1_0_7.rar",
        "Url": "./4/90eb45cf-e79d-425b-a1d7-1e538404e301",
        "Type": "Application",
        "UploadDate": "2013-05-19T04:51:55.067-07:00"
      }
    ]
  },
  {
    "Id": "5",
    "Name": "SimCityPak 0.1.0.6",
    "DevelopmentStatus": "Alpha",
    "Description": "*SimCityPak 0.1.0.6*\n* Export/Import Textures\n* Export meshes to .obj format (no import yet, though)",
    "ReleasedDatge": "0001-01-01T00:00:00",
    "ModifiedDate": "2013-05-05T06:46:46.913-07:00",
    "Files": [
      {
        "Id": "c68c9397-35fb-4817-929c-851944e6ecb2",
        "FileName": "SimCityPak_0_1_0_6.rar",
        "Url": "./5/c68c9397-35fb-4817-929c-851944e6ecb2",
        "Type": "Application",
        "UploadDate": "2013-05-05T06:46:46.493-07:00"
      }
    ]
  },
  {
    "Id": "6",
    "Name": "SimCityPak 0.1.0.5",
    "DevelopmentStatus": "Alpha",
    "Description": "*SimCityPak 0.1.0.5*\n* Lighting editor expanded to simple Lot Editor that allows editing of lights,props and decals (note; work in progress)\n* Fix for searching property files\n* Added Copy Key, and Delete to context in main list\n* Added fuction to delete indices\n* More identified properties/instances\n* Many general bugfixes and UI tweaks",
    "ReleasedDatge": "0001-01-01T00:00:00",
    "ModifiedDate": "2013-04-14T12:58:24.537-07:00",
    "Files": [
      {
        "Id": "208cd6f0-ddcb-4d89-baa6-be2ce4baf07d",
        "FileName": "SimCityPak_0_1_0_5.rar",
        "Url": "./6/208cd6f0-ddcb-4d89-baa6-be2ce4baf07d",
        "Type": "Application",
        "UploadDate": "2013-04-14T12:58:24.163-07:00"
      }
    ]
  },
  {
    "Id": "7",
    "Name": "SimCityPak 0.1.0.4",
    "DevelopmentStatus": "Alpha",
    "Description": "*SimCityPak 0.1.0.4*\n* Added Lighting Editor (first version)\n* Added possibility to add/remove properties\n* Identified many more properties/instances\n* New Viewer for 3d files\n* Many general UI tweaks\n* Many general bugfixes",
    "ReleasedDatge": "0001-01-01T00:00:00",
    "ModifiedDate": "2013-04-06T06:35:38.36-07:00",
    "Files": [
      {
        "Id": "6cea4cd5-011f-4bec-a529-eeb2ad15d6c5",
        "FileName": "SimCityPak_0_1_0_4.rar",
        "Url": "./7/6cea4cd5-011f-4bec-a529-eeb2ad15d6c5",
        "Type": "Application",
        "UploadDate": "2013-04-06T06:35:37.92-07:00"
      }
    ]
  },
  {
    "Id": "8",
    "Name": "SimCityPak 0.1.0.3",
    "DevelopmentStatus": "Alpha",
    "Description": "*SimCityPak 0.1.0.3*\n* Allows opening multiple package files at once\n* Includes editors for most properties\n* Improved user interface\n* Viewers for 8-bit maps\n* Import function for PNG's",
    "ReleasedDatge": "0001-01-01T00:00:00",
    "ModifiedDate": "2013-04-06T13:23:29.687-07:00",
    "Files": [
      {
        "Id": "3b8122cb-efe5-4e8b-9643-0bae0e7e7ecb",
        "FileName": "SimCityPak_0_1_0_3.rar",
        "Url": "./8/3b8122cb-efe5-4e8b-9643-0bae0e7e7ecb",
        "Type": "Application",
        "UploadDate": "2013-03-25T13:12:35.537-07:00"
      }
    ]
  },
  {
    "Id": "9",
    "Name": "SimCityPak 0.1.0.2",
    "DevelopmentStatus": "Alpha",
    "Description": "*Version 0.1.0.2*\n* Ability to edit Text files (JSON, Javascript etc...)\n* Ability to edit property files (still preliminary)\n* Advanced Search for property files\n* Ability to export multiple assets at once\n* Ability to save packages to a new file",
    "ReleasedDatge": "0001-01-01T00:00:00",
    "ModifiedDate": "2013-03-21T14:30:56.143-07:00",
    "Files": [
      {
        "Id": "9d4dc431-d7ef-48f1-9760-e427e1e5dffd",
        "FileName": "SimCityPak_0_1_0_2.rar",
        "Url": "./9/9d4dc431-d7ef-48f1-9760-e427e1e5dffd",
        "Type": "Application",
        "UploadDate": "2013-03-21T14:30:55.953-07:00"
      }
    ]
  },
  {
    "Id": "10",
    "Name": "SimCityPak 0.1.0.1",
    "DevelopmentStatus": "Alpha",
    "Description": "New in version 0.1.0.1\n\n- Ability to search property files for certain values \n- Alpha functionality for saving packages",
    "ReleasedDatge": "0001-01-01T00:00:00",
    "ModifiedDate": "2013-03-14T15:51:47.523-07:00",
    "Files": [
      {
        "Id": "468b71da-2541-4a56-a396-f465bae366b0",
        "FileName": "SimCityPak_0_1_0_1.rar",
        "Url": "./10/468b71da-2541-4a56-a396-f465bae366b0",
        "Type": "Application",
        "UploadDate": "2013-03-14T15:51:47.32-07:00"
      }
    ]
  },
  {
    "Id": "11",
    "Name": "SimCityPak 0.1.0.0",
    "DevelopmentStatus": "Alpha",
    "Description": "*0.1.0.0*\n* Added Texture Viewer\n* Added About screen\n* Added Loading of Locale files from Settings screen (will load localized strings for PROP files)",
    "ReleasedDatge": "0001-01-01T00:00:00",
    "ModifiedDate": "2013-03-12T13:07:43.84-07:00",
    "Files": [
      {
        "Id": "ac3d626d-0fd6-4d21-b776-7a8eb95bbe04",
        "FileName": "SimCityPak_0_1_0_0.rar",
        "Url": "./11/ac3d626d-0fd6-4d21-b776-7a8eb95bbe04",
        "Type": "Application",
        "UploadDate": "2013-02-20T13:40:03.8-08:00"
      }
    ]
  },
  {
    "Id": "12",
    "Name": "SimCityPak 0.3.1.0",
    "DevelopmentStatus": "Alpha",
    "Description": "*Main New Features:*\n* Fixed Importing of Instance Names (get rid of the Dutch translations)\n* Added advanced editor for Decal Dictionaries\n** Added possibility to import .PNG to generate new decals\n* Added advanced editor for Path display entries",
    "ReleasedDatge": "0001-01-01T00:00:00",
    "ModifiedDate": "2014-05-24T06:41:19.297-07:00",
    "Files": [
      {
        "Id": "ffd5681d-1f4d-45d7-8783-ba1d841232ff",
        "FileName": "SimCityPak_0_3_1_0.rar",
        "Url": "./12/ffd5681d-1f4d-45d7-8783-ba1d841232ff",
        "Type": "Application",
        "UploadDate": "2014-05-24T06:41:18.657-07:00"
      }
    ]
  }
]