[
  {
    "Title": "Home",
    "Id": "861513",
    "ParentWikiTitle": "Home",
    "FileExtension": "codeplexwiki",
    "UpdatedDate": "2014-05-15T00:58:36.863-07:00",
    "FileAttachments": []
  },
  {
    "Title": "Basic Retexturing Tutorial",
    "Id": "819272",
    "ParentWikiTitle": "Documentation",
    "FileExtension": "codeplexwiki",
    "UpdatedDate": "2014-01-22T12:34:53.553-08:00",
    "FileAttachments": [
      {
        "Id": "920f1ca6-fe23-46ec-a25f-b184cf2be865",
        "FileName": "Vehicles1.png",
        "DownloadUri": "./819272/920f1ca6-fe23-46ec-a25f-b184cf2be865"
      },
      {
        "Id": "b807e453-2291-433f-bc8c-777c2a8b5fd3",
        "FileName": "Vehicles2.png",
        "DownloadUri": "./819272/b807e453-2291-433f-bc8c-777c2a8b5fd3"
      },
      {
        "Id": "7089120e-b558-446c-aeb0-3574be2a4c20",
        "FileName": "Vehicles3.png",
        "DownloadUri": "./819272/7089120e-b558-446c-aeb0-3574be2a4c20"
      },
      {
        "Id": "781ab08b-b4af-48d4-b89d-7651a2c8b453",
        "FileName": "Vehicles4.png",
        "DownloadUri": "./819272/781ab08b-b4af-48d4-b89d-7651a2c8b453"
      },
      {
        "Id": "6c4da193-ffff-4c0d-b0dc-9a21c6a54161",
        "FileName": "Vehicles5.png",
        "DownloadUri": "./819272/6c4da193-ffff-4c0d-b0dc-9a21c6a54161"
      },
      {
        "Id": "fb8dc2cd-eab2-4754-819e-0ced7dfcaeed",
        "FileName": "Vehicles6.png",
        "DownloadUri": "./819272/fb8dc2cd-eab2-4754-819e-0ced7dfcaeed"
      },
      {
        "Id": "17193ab0-60f6-428f-8bda-aaea717756e9",
        "FileName": "Vehicles7.png",
        "DownloadUri": "./819272/17193ab0-60f6-428f-8bda-aaea717756e9"
      },
      {
        "Id": "6a488a43-9e4b-4266-af0f-7fa21055f157",
        "FileName": "Vehicles8.png",
        "DownloadUri": "./819272/6a488a43-9e4b-4266-af0f-7fa21055f157"
      },
      {
        "Id": "f46ccc63-87ab-4fa4-a4ed-378e157ed230",
        "FileName": "Vehicles9.png",
        "DownloadUri": "./819272/f46ccc63-87ab-4fa4-a4ed-378e157ed230"
      },
      {
        "Id": "2bd7c674-7082-403a-998c-3ed31dc6488a",
        "FileName": "Vehicles10.png",
        "DownloadUri": "./819272/2bd7c674-7082-403a-998c-3ed31dc6488a"
      }
    ]
  },
  {
    "Title": "RW4 Model File",
    "Id": "789025",
    "ParentWikiTitle": "Documentation",
    "FileExtension": "codeplexwiki",
    "UpdatedDate": "2013-10-24T07:30:00.83-07:00",
    "FileAttachments": []
  },
  {
    "Title": "Path Appearance",
    "Id": "746999",
    "ParentWikiTitle": "Documentation",
    "FileExtension": "codeplexwiki",
    "UpdatedDate": "2013-06-25T02:21:59.06-07:00",
    "FileAttachments": []
  },
  {
    "Title": "Documentation",
    "Id": "746974",
    "ParentWikiTitle": "Documentation",
    "FileExtension": "codeplexwiki",
    "UpdatedDate": "2013-06-25T01:25:24.063-07:00",
    "FileAttachments": []
  },
  {
    "Title": "Decal",
    "Id": "746960",
    "ParentWikiTitle": "Documentation",
    "FileExtension": "codeplexwiki",
    "UpdatedDate": "2013-06-25T00:19:25.137-07:00",
    "FileAttachments": []
  },
  {
    "Title": "Property File",
    "Id": "739145",
    "ParentWikiTitle": "Documentation",
    "FileExtension": "codeplexwiki",
    "UpdatedDate": "2013-06-04T04:40:46.31-07:00",
    "FileAttachments": []
  },
  {
    "Title": "RASTER File",
    "Id": "739120",
    "ParentWikiTitle": "Documentation",
    "FileExtension": "codeplexwiki",
    "UpdatedDate": "2013-06-04T03:05:42.13-07:00",
    "FileAttachments": []
  },
  {
    "Title": "Modding Tutorial",
    "Id": "736243",
    "ParentWikiTitle": "Documentation",
    "FileExtension": "codeplexwiki",
    "UpdatedDate": "2013-05-28T00:19:33.363-07:00",
    "FileAttachments": []
  },
  {
    "Title": "Basic Custom Vehicle 3D Models Tutorial",
    "Id": "736236",
    "ParentWikiTitle": "Documentation",
    "FileExtension": "codeplexwiki",
    "UpdatedDate": "2013-05-27T23:52:06.94-07:00",
    "FileAttachments": []
  },
  {
    "Title": "Property File Types",
    "Id": "711487",
    "ParentWikiTitle": "Documentation",
    "FileExtension": "codeplexwiki",
    "UpdatedDate": "2013-03-28T06:10:29.967-07:00",
    "FileAttachments": []
  }
]
